Name,Symbol,Ethereum Deployed Address,BSC Deployed Address,Stock Name,Stock Ticker,Type,Description
Apple (Ondo Tokenized),AAPLon,0x14c3abF95Cb9C93a8b82C1CdCB76D72Cb87b2d4c,0x390a684ef9cade28a7ad0dfa61ab1eb3842618c4,Apple,AAPL,Stock,"AAPLon is the Ondo Tokenized version of Apple, giving tokenholders economic exposure similar to holding AAPL and reinvesting any dividends. Ondo tokenized stocks enable non-US retail and institutional users around the world to instantly mint and redeem tokenized U.S. stocks and ETFs, 24 hours a day, five days a week with full access to traditional exchange liquidity. Additional restrictions apply. Learn more at ondo.finance/global-markets."
Airbnb (Ondo Tokenized),ABNBon,0xb035c3d5083bdc80074F380aeBc9Fcb68aBa0A28,0xef80743f78d98fc2b47a2253b293152ce8b879ba,Airbnb,ABNB,Stock,"ABNBon is the Ondo Tokenized version of Airbnb, giving tokenholders economic exposure similar to holding ABNB and reinvesting any dividends. Ondo tokenized stocks enable non-US retail and institutional users around the world to instantly mint and redeem tokenized U.S. stocks and ETFs, 24 hours a day, five days a week with full access to traditional exchange liquidity. Additional restrictions apply. Learn more at ondo.finance/global-markets."
Abbott (Ondo Tokenized),ABTon,0x3859385363f7BB4Dfe42811cCF3F294FcD41dd1D,0x5a20886b575058dd7299785f0ea9b1172942a3e0,Abbott,ABT,Stock,"ABTon is the Ondo Tokenized version of Abbott, giving tokenholders economic exposure similar to holding ABT and reinvesting any dividends. Ondo tokenized stocks enable non-US retail and institutional users around the world to instantly mint and redeem tokenized U.S. stocks and ETFs, 24 hours a day, five days a week with full access to traditional exchange liquidity. Additional restrictions apply. Learn more at ondo.finance/global-markets."
Accenture (Ondo Tokenized),ACNon,0xAbA9Ae731Aad63335C604E5f6E6A5db2e05f549d,0x7af44d51d1fb88c5b74fc71d3cba649bb8099d14,Accenture,ACN,Stock,"ACNon is the Ondo Tokenized version of Accenture, giving tokenholders economic exposure similar to holding ACN and reinvesting any dividends. Ondo tokenized stocks enable non-US retail and institutional users around the world to instantly mint and redeem tokenized U.S. stocks and ETFs, 24 hours a day, five days a week with full access to traditional exchange liquidity. Additional restrictions apply. Learn more at ondo.finance/global-markets."
Adobe (Ondo Tokenized),ADBEon,0x7042a8fFc7c7049684BfBc2fcb41b72380755a43,0xcb22db0ecb6fe58b7b47db443dcfdfdfbf729cef,Adobe,ADBE,Stock,"ADBEon is the Ondo Tokenized version of Adobe, giving tokenholders economic exposure similar to holding ADBE and reinvesting any dividends. Ondo tokenized stocks enable non-US retail and institutional users around the world to instantly mint and redeem tokenized U.S. stocks and ETFs, 24 hours a day, five days a week with full access to traditional exchange liquidity. Additional restrictions apply. Learn more at ondo.finance/global-markets."
iShares Core US Aggregate Bond ETF (Ondo Tokenized),AGGon,0xfF7CF16aA2fFc463b996DB2f7B7cf0130336899D,0x08ce97f3d5cf11e577d091ab048bc5e2eae3fabb,iShares Core US Aggregate Bond ETF,AGG,ETF,"AGGon is the Ondo Tokenized version of the iShares Core US Aggregate Bond ETF, giving tokenholders economic exposure similar to holding AGG and reinvesting any dividends. Ondo tokenized stocks enable non-US retail and institutional users around the world to instantly mint and redeem tokenized U.S. stocks and ETFs, 24 hours a day, five days a week with full access to traditional exchange liquidity. Additional restrictions apply. Learn more at ondo.finance/global-markets."
AMD (Ondo Tokenized),AMDon,0x0C1f3412A44Ff99E40bF14e06e5Ea321aE7B3938,0x9f16e46c73b43bdb70861247d537bee4ea18f639,AMD,AMD,Stock,"AMDon is the Ondo Tokenized version of AMD, giving tokenholders economic exposure similar to holding AMD and reinvesting any dividends. Ondo tokenized stocks enable non-US retail and institutional users around the world to instantly mint and redeem tokenized U.S. stocks and ETFs, 24 hours a day, five days a week with full access to traditional exchange liquidity. Additional restrictions apply. Learn more at ondo.finance/global-markets."
Amazon (Ondo Tokenized),AMZNon,0xbb8774FB97436d23d74C1b882E8E9A69322cFD31,0x4553cfe1c09f37f38b12dc509f676964e392f8fc,Amazon,AMZN,Stock,"AMZNon is the Ondo Tokenized version of Amazon, giving tokenholders economic exposure similar to holding AMZN and reinvesting any dividends. Ondo tokenized stocks enable non-US retail and institutional users around the world to instantly mint and redeem tokenized U.S. stocks and ETFs, 24 hours a day, five days a week with full access to traditional exchange liquidity. Additional restrictions apply. Learn more at ondo.finance/global-markets."
Apollo Global Management (Ondo Tokenized),APOon,0x4D21aFfD27183B07335935F81A5C26b6A5A15355,0x5630b5741a33371d9d935283849a16dc808f7f3a,Apollo Global Management,APO,Stock,"APOon is the Ondo Tokenized version of Apollo Global Management, giving tokenholders economic exposure similar to holding APO and reinvesting any dividends. Ondo tokenized stocks enable non-US retail and institutional users around the world to instantly mint and redeem tokenized U.S. stocks and ETFs, 24 hours a day, five days a week with full access to traditional exchange liquidity. Additional restrictions apply. Learn more at ondo.finance/global-markets."
AppLovin (Ondo Tokenized),APPon,0xd5C5B2883735Fa9B658Dd52e2FCC8d7c0f1A42Ce,0xedb3124e96c64c177eb709cbc64f9977db40ea74,AppLovin,APP,Stock,"APPon is the Ondo Tokenized version of AppLovin, giving tokenholders economic exposure similar to holding APP and reinvesting any dividends. Ondo tokenized stocks enable non-US retail and institutional users around the world to instantly mint and redeem tokenized U.S. stocks and ETFs, 24 hours a day, five days a week with full access to traditional exchange liquidity. Additional restrictions apply. Learn more at ondo.finance/global-markets."
Arm Holdings plc (Ondo Tokenized),ARMon,0x5Bf1b2A808598C0eF4Af1673a5457d86fE6d7B3d,0x527c6436e1eaa4f2065cde4090f798cb5d031dd6,Arm Holdings plc,ARM,Stock,"ARMon is the Ondo Tokenized version of Arm Holdings plc, giving tokenholders economic exposure similar to holding ARM and reinvesting any dividends. Ondo tokenized stocks enable non-US retail and institutional users around the world to instantly mint and redeem tokenized U.S. stocks and ETFs, 24 hours a day, five days a week with full access to traditional exchange liquidity. Additional restrictions apply. Learn more at ondo.finance/global-markets."
ASML Holding NV (Ondo Tokenized),ASMLon,0xE51bA774ebF6392c45Bf1d9E6b334d07992460d3,0xb034f6cb52b7f2fd5a7eeeffca6b9adcd6b9a6f6,ASML Holding NV,ASML,Stock,"ASMLon is the Ondo Tokenized version of ASML Holding NV, giving tokenholders economic exposure similar to holding ASML and reinvesting any dividends. Ondo tokenized stocks enable non-US retail and institutional users around the world to instantly mint and redeem tokenized U.S. stocks and ETFs, 24 hours a day, five days a week with full access to traditional exchange liquidity. Additional restrictions apply. Learn more at ondo.finance/global-markets."
Broadcom (Ondo Tokenized),AVGOon,0x0d54D4279B9E8c54cD8547c2C75A8Ee81A0BcaE8,0x0ed2e3180edf393e6bf8db124bd15ddd54de150a,Broadcom,AVGO,Stock,"AVGOon is the Ondo Tokenized version of Broadcom, giving tokenholders economic exposure similar to holding AVGO and reinvesting any dividends. Ondo tokenized stocks enable non-US retail and institutional users around the world to instantly mint and redeem tokenized U.S. stocks and ETFs, 24 hours a day, five days a week with full access to traditional exchange liquidity. Additional restrictions apply. Learn more at ondo.finance/global-markets."
American Express (Ondo Tokenized),AXPon,0x2Bc7Ff0C5dA9F1a4A51F96e77C5b0F7165DC06d2,0xd803f8777187d6dee1ea57854aeb957043fb1675,American Express,AXP,Stock,"AXPon is the Ondo Tokenized version of American Express, giving tokenholders economic exposure similar to holding AXP and reinvesting any dividends. Ondo tokenized stocks enable non-US retail and institutional users around the world to instantly mint and redeem tokenized U.S. stocks and ETFs, 24 hours a day, five days a week with full access to traditional exchange liquidity. Additional restrictions apply. Learn more at ondo.finance/global-markets."
Alibaba (Ondo Tokenized),BABAon,0x41765F0FCddC276309195166C7A62AE522FA09ef,0xd5964f3fcee8d649995ab88f04b8982539c282d2,Alibaba,BABA,Stock,"BABAon is the Ondo Tokenized version of Alibaba, giving tokenholders economic exposure similar to holding BABA and reinvesting any dividends. Ondo tokenized stocks enable non-US retail and institutional users around the world to instantly mint and redeem tokenized U.S. stocks and ETFs, 24 hours a day, five days a week with full access to traditional exchange liquidity. Additional restrictions apply. Learn more at ondo.finance/global-markets."
Boeing (Ondo Tokenized),BAon,0x57270D35A840BC5C094da6FBeCA033FB71eA6Ab0,0xf21132a811ad1a878e21af60f64d4e690c9daa42,Boeing,BA,Stock,"BAon is the Ondo Tokenized version of Boeing, giving tokenholders economic exposure similar to holding BA and reinvesting any dividends. Ondo tokenized stocks enable non-US retail and institutional users around the world to instantly mint and redeem tokenized U.S. stocks and ETFs, 24 hours a day, five days a week with full access to traditional exchange liquidity. Additional restrictions apply. Learn more at ondo.finance/global-markets."
Baidu (Ondo Tokenized),BIDUon,0x9d4C6AD12B55E4645b585209F90Cc26614061E91,0x467e59ce5d5fe01686d4a80dd1e1dae13549aa6c,Baidu,BIDU,Stock,"BIDUon is the Ondo Tokenized version of Baidu, giving tokenholders economic exposure similar to holding BIDU and reinvesting any dividends. Ondo tokenized stocks enable non-US retail and institutional users around the world to instantly mint and redeem tokenized U.S. stocks and ETFs, 24 hours a day, five days a week with full access to traditional exchange liquidity. Additional restrictions apply. Learn more at ondo.finance/global-markets."
"Blackrock, Inc. (Ondo Tokenized)",BLKon,0x7a0F89c1606f71499950AA2590d547c3975B728E,0x24f5471183ea549987f245d6ce236b6108869c92,"Blackrock, Inc.",BLK,Stock,"BLKon is the Ondo Tokenized version of Blackrock, Inc., giving tokenholders economic exposure similar to holding BLK and reinvesting any dividends. Ondo tokenized stocks enable non-US retail and institutional users around the world to instantly mint and redeem tokenized U.S. stocks and ETFs, 24 hours a day, five days a week with full access to traditional exchange liquidity. Additional restrictions apply. Learn more at ondo.finance/global-markets."
Chipotle (Ondo Tokenized),CMGon,0x25018520138bbaB60684AD7983D4432E8B8E926B,0xaed5985afc12aa09d87f55b4b1e6bc3b8f7b0208,Chipotle,CMG,Stock,"CMGon is the Ondo Tokenized version of Chipotle, giving tokenholders economic exposure similar to holding CMG and reinvesting any dividends. Ondo tokenized stocks enable non-US retail and institutional users around the world to instantly mint and redeem tokenized U.S. stocks and ETFs, 24 hours a day, five days a week with full access to traditional exchange liquidity. Additional restrictions apply. Learn more at ondo.finance/global-markets."
Coinbase (Ondo Tokenized),COINon,0xF042cfa86cf1D598a75Bdb55c3507a1F39f9493b,0xf8589b526fdd65f7f301c605a6e04f0f1b4b3620,Coinbase,COIN,Stock,"COINon is the Ondo Tokenized version of Coinbase, giving tokenholders economic exposure similar to holding COIN and reinvesting any dividends. Ondo tokenized stocks enable non-US retail and institutional users around the world to instantly mint and redeem tokenized U.S. stocks and ETFs, 24 hours a day, five days a week with full access to traditional exchange liquidity. Additional restrictions apply. Learn more at ondo.finance/global-markets."
Costco (Ondo Tokenized),COSTon,0x0c8276E4FeC072cf7854Be69c70F7773D1610857,0x34375f826fd3dd4e15f883d4f4786bb45eb705ac,Costco,COST,Stock,"COSTon is the Ondo Tokenized version of Costco, giving tokenholders economic exposure similar to holding COST and reinvesting any dividends. Ondo tokenized stocks enable non-US retail and institutional users around the world to instantly mint and redeem tokenized U.S. stocks and ETFs, 24 hours a day, five days a week with full access to traditional exchange liquidity. Additional restrictions apply. Learn more at ondo.finance/global-markets."
Circle Internet Group (Ondo Tokenized),CRCLon,0x3632DEa96A953C11dac2f00b4A05a32CD1063fAE,0x992879cd8ce0c312d98648875b5a8d6d042cbf34,Circle Internet Group,CRCL,Stock,"CRCLon is the Ondo Tokenized version of Circle Internet Group, giving tokenholders economic exposure similar to holding CRCL and reinvesting any dividends. Ondo tokenized stocks enable non-US retail and institutional users around the world to instantly mint and redeem tokenized U.S. stocks and ETFs, 24 hours a day, five days a week with full access to traditional exchange liquidity. Additional restrictions apply. Learn more at ondo.finance/global-markets."
Salesforce (Ondo Tokenized),CRMon,0x55720eF5b023Fd043AE5F8D2e526030207978950,0xd04a2bb053277721a8321d7441eed5b42fdf7250,Salesforce,CRM,Stock,"CRMon is the Ondo Tokenized version of Salesforce, giving tokenholders economic exposure similar to holding CRM and reinvesting any dividends. Ondo tokenized stocks enable non-US retail and institutional users around the world to instantly mint and redeem tokenized U.S. stocks and ETFs, 24 hours a day, five days a week with full access to traditional exchange liquidity. Additional restrictions apply. Learn more at ondo.finance/global-markets."
Cisco Systems (Ondo Tokenized),CSCOon,0x980a1001ee94e54142b231f44C7CA7c9DF71FBe1,0x34304f2f7cc487eb4186e6d69f5905a613474aa2,Cisco Systems,CSCO,Stock,"CSCOon is the Ondo Tokenized version of Cisco Systems, giving tokenholders economic exposure similar to holding CSCO and reinvesting any dividends. Ondo tokenized stocks enable non-US retail and institutional users around the world to instantly mint and redeem tokenized U.S. stocks and ETFs, 24 hours a day, five days a week with full access to traditional exchange liquidity. Additional restrictions apply. Learn more at ondo.finance/global-markets."
Chevron (Ondo Tokenized),CVXon,0x8F3E41b378ae010c46d255F36bFC1D303b52dceb,0xd3113a0ad20a46f6a662c63fe8e637f7713e59c7,Chevron,CVX,Stock,"CVXon is the Ondo Tokenized version of Chevron, giving tokenholders economic exposure similar to holding CVX and reinvesting any dividends. Ondo tokenized stocks enable non-US retail and institutional users around the world to instantly mint and redeem tokenized U.S. stocks and ETFs, 24 hours a day, five days a week with full access to traditional exchange liquidity. Additional restrictions apply. Learn more at ondo.finance/global-markets."
DoorDash (Ondo Tokenized),DASHon,0x241958c86c7744d15d5f6314BA1Ea4c81DDA2896,0x7567c2a46bce46373b454682f3d95e6535bde144,DoorDash,DASH,Stock,"DASHon is the Ondo Tokenized version of DoorDash, giving tokenholders economic exposure similar to holding DASH and reinvesting any dividends. Ondo tokenized stocks enable non-US retail and institutional users around the world to instantly mint and redeem tokenized U.S. stocks and ETFs, 24 hours a day, five days a week with full access to traditional exchange liquidity. Additional restrictions apply. Learn more at ondo.finance/global-markets."
Disney (Ondo Tokenized),DISon,0xc3D93B45249E8E06cfeB01d25A96337E8893265d,0xeee9eee593cb8f7946260b4066cba7907f40acfa,Disney,DIS,Stock,"DISon is the Ondo Tokenized version of Disney, giving tokenholders economic exposure similar to holding DIS and reinvesting any dividends. Ondo tokenized stocks enable non-US retail and institutional users around the world to instantly mint and redeem tokenized U.S. stocks and ETFs, 24 hours a day, five days a week with full access to traditional exchange liquidity. Additional restrictions apply. Learn more at ondo.finance/global-markets."
iShares MSCI Emerging Markets ETF (Ondo Tokenized),EEMon,0x77A1a02e4a888ADA8620b93C30dE8a41E621126c,0x00c81d35eddf44c75d4db9e07bdcdc236eb0ebcf,iShares MSCI Emerging Markets ETF,EEM,ETF,"EEMon is the Ondo Tokenized version of the iShares MSCI Emerging Markets ETF, giving tokenholders economic exposure similar to holding EEM and reinvesting any dividends. Ondo tokenized stocks enable non-US retail and institutional users around the world to instantly mint and redeem tokenized U.S. stocks and ETFs, 24 hours a day, five days a week with full access to traditional exchange liquidity. Additional restrictions apply. Learn more at ondo.finance/global-markets."
iShares MSCI EAFE ETF (Ondo Tokenized),EFAon,0x4111b60bc87F2Bd1e81E783E271D7F0ec6EE088B,0x38b9a53bfdc5dba58a29bd6992341927c2fca637,iShares MSCI EAFE ETF,EFA,ETF,"EFAon is the Ondo Tokenized version of the iShares MSCI EAFE ETF, giving tokenholders economic exposure similar to holding EFA and reinvesting any dividends. Ondo tokenized stocks enable non-US retail and institutional users around the world to instantly mint and redeem tokenized U.S. stocks and ETFs, 24 hours a day, five days a week with full access to traditional exchange liquidity. Additional restrictions apply. Learn more at ondo.finance/global-markets."
Equinix (Ondo Tokenized),EQIXon,0x73d2ccEE12C120E7DA265a2dE9d9f952a0101b4f,0xe4e12c9cec3e8cae405202a97f66afa695075fa0,Equinix,EQIX,Stock,"EQIXon is the Ondo Tokenized version of Equinix, giving tokenholders economic exposure similar to holding EQIX and reinvesting any dividends. Ondo tokenized stocks enable non-US retail and institutional users around the world to instantly mint and redeem tokenized U.S. stocks and ETFs, 24 hours a day, five days a week with full access to traditional exchange liquidity. Additional restrictions apply. Learn more at ondo.finance/global-markets."
Figma (Ondo Tokenized),FIGon,0x073E7a0669833d356fa88ca65CC6D454EFaAa3c5,0x93fac02b22b6743423381d163aec418178019b7a,Figma,FIG,Stock,"FIGon is the Ondo Tokenized version of Figma, giving tokenholders economic exposure similar to holding FIG and reinvesting any dividends. Ondo tokenized stocks enable non-US retail and institutional users around the world to instantly mint and redeem tokenized U.S. stocks and ETFs, 24 hours a day, five days a week with full access to traditional exchange liquidity. Additional restrictions apply. Learn more at ondo.finance/global-markets."
Futu Holdings (Ondo Tokenized),FUTUon,0x5Ce215d9c37a195DF88e294a06B8396C296B4e15,0x5acf40056ed51c8bbcd1b125ef803581ac89a627,Futu Holdings,FUTU,Stock,"FUTUon is the Ondo Tokenized version of Futu Holdings, giving tokenholders economic exposure similar to holding FUTU and reinvesting any dividends. Ondo tokenized stocks enable non-US retail and institutional users around the world to instantly mint and redeem tokenized U.S. stocks and ETFs, 24 hours a day, five days a week with full access to traditional exchange liquidity. Additional restrictions apply. Learn more at ondo.finance/global-markets."
General Electric (Ondo Tokenized),GEon,0xD904bCf89B7CedF5c89f9Df7e829191D695F847E,0x5151a22421ed4277f1e4ca4785a07b035d548a36,General Electric,GE,Stock,"GEon is the Ondo Tokenized version of General Electric, giving tokenholders economic exposure similar to holding GE and reinvesting any dividends. Ondo tokenized stocks enable non-US retail and institutional users around the world to instantly mint and redeem tokenized U.S. stocks and ETFs, 24 hours a day, five days a week with full access to traditional exchange liquidity. Additional restrictions apply. Learn more at ondo.finance/global-markets."
GameStop (Ondo Tokenized),GMEon,0x71d24Baeb0A033ec5F90FF65C4210545AF378D97,0xdabb9aff4cf02f26d2014e4ca9f94ac6fe6572a3,GameStop,GME,Stock,"GMEon is the Ondo Tokenized version of GameStop, giving tokenholders economic exposure similar to holding GME and reinvesting any dividends. Ondo tokenized stocks enable non-US retail and institutional users around the world to instantly mint and redeem tokenized U.S. stocks and ETFs, 24 hours a day, five days a week with full access to traditional exchange liquidity. Additional restrictions apply. Learn more at ondo.finance/global-markets."
Alphabet Class A (Ondo Tokenized),GOOGLon,0xbA47214eDd2bb43099611b208f75E4b42FDcfEDc,0x091fc7778e6932d4009b087b191d1ee3bac5729a,Alphabet Class A,GOOGL,Stock,"GOOGLon is the Ondo Tokenized version of Alphabet Class A, giving tokenholders economic exposure similar to holding GOOGL and reinvesting any dividends. Ondo tokenized stocks enable non-US retail and institutional users around the world to instantly mint and redeem tokenized U.S. stocks and ETFs, 24 hours a day, five days a week with full access to traditional exchange liquidity. Additional restrictions apply. Learn more at ondo.finance/global-markets."
Goldman Sachs (Ondo Tokenized),GSon,0xdB57d9C14e357Fc01E49035a808779Df41E9B4e2,0x0d4f9b25f81163fb4840ba4f434672543823000c,Goldman Sachs,GS,Stock,"GSon is the Ondo Tokenized version of Goldman Sachs, giving tokenholders economic exposure similar to holding GS and reinvesting any dividends. Ondo tokenized stocks enable non-US retail and institutional users around the world to instantly mint and redeem tokenized U.S. stocks and ETFs, 24 hours a day, five days a week with full access to traditional exchange liquidity. Additional restrictions apply. Learn more at ondo.finance/global-markets."
Hims & Hers Health (Ondo Tokenized),HIMSon,0xCa468554e5C0423Ee858fe3942c9568C51FcAa79,0x4693f6f5ef257381a28afd0673e64d8b32d5c6ad,Hims & Hers Health,HIMS,Stock,"HIMSon is the Ondo Tokenized version of Hims & Hers Health, giving tokenholders economic exposure similar to holding HIMS and reinvesting any dividends. Ondo tokenized stocks enable non-US retail and institutional users around the world to instantly mint and redeem tokenized U.S. stocks and ETFs, 24 hours a day, five days a week with full access to traditional exchange liquidity. Additional restrictions apply. Learn more at ondo.finance/global-markets."
Robinhood Markets (Ondo Tokenized),HOODon,0x998f02A9E343EF6E3E6f28700d5A20F839fD74E6,0x19601179a60f55ff6636f5d1a8b6671053bd60a8,Robinhood Markets,HOOD,Stock,"HOODon is the Ondo Tokenized version of Robinhood Markets, giving tokenholders economic exposure similar to holding HOOD and reinvesting any dividends. Ondo tokenized stocks enable non-US retail and institutional users around the world to instantly mint and redeem tokenized U.S. stocks and ETFs, 24 hours a day, five days a week with full access to traditional exchange liquidity. Additional restrictions apply. Learn more at ondo.finance/global-markets."
iBoxx $ High Yield Corporate Bond ETF (Ondo Tokenized),HYGon,0xeD3618Bb8778F8eBBe2f241Da532227591771D04,0x0dae81a905b645a3d1e67129b89cd0acda224e9a,iBoxx $ High Yield Corporate Bond ETF,HYG,ETF,"HYGon is the Ondo Tokenized version of the iBoxx $ High Yield Corporate Bond ETF, giving tokenholders economic exposure similar to holding HYG and reinvesting any dividends. Ondo tokenized stocks enable non-US retail and institutional users around the world to instantly mint and redeem tokenized U.S. stocks and ETFs, 24 hours a day, five days a week with full access to traditional exchange liquidity. Additional restrictions apply. Learn more at ondo.finance/global-markets."
iShares Gold Trust (Ondo Tokenized),IAUon,0x4f0CA3df1c2e6b943cf82E649d576ffe7B2fABCF,0xcb2a0f46f67dc4c58a316f1c008edef5c2311795,iShares Gold Trust,IAU,ETF,"IAUon is the Ondo Tokenized version of the iShares Gold Trust, giving tokenholders economic exposure similar to holding IAU and reinvesting any dividends. Ondo tokenized stocks enable non-US retail and institutional users around the world to instantly mint and redeem tokenized U.S. stocks and ETFs, 24 hours a day, five days a week with full access to traditional exchange liquidity. Additional restrictions apply. Learn more at ondo.finance/global-markets."
IBM (Ondo Tokenized),IBMon,0x25d3f236B2d61656eebdeA86Ac6D42168e340011,0xe8ff70859ce4cbd72e4352b4fb45f5bf39d07464,IBM,IBM,Stock,"IBMon is the Ondo Tokenized version of IBM, giving tokenholders economic exposure similar to holding IBM and reinvesting any dividends. Ondo tokenized stocks enable non-US retail and institutional users around the world to instantly mint and redeem tokenized U.S. stocks and ETFs, 24 hours a day, five days a week with full access to traditional exchange liquidity. Additional restrictions apply. Learn more at ondo.finance/global-markets."
iShares Core MSCI EAFE ETF (Ondo Tokenized),IEFAon,0xFEFf7a377A86462F5a2A872009722C154707F09e,0x918008c3d29496c37b478b611967beaca365af36,iShares Core MSCI EAFE ETF,IEFA,ETF,"IEFAon is the Ondo Tokenized version of the iShares Core MSCI EAFE ETF, giving tokenholders economic exposure similar to holding IEFA and reinvesting any dividends. Ondo tokenized stocks enable non-US retail and institutional users around the world to instantly mint and redeem tokenized U.S. stocks and ETFs, 24 hours a day, five days a week with full access to traditional exchange liquidity. Additional restrictions apply. Learn more at ondo.finance/global-markets."
iShares Core MSCI Emerging Markets ETF (Ondo Tokenized),IEMGon,0xcDD60D15125bf3362b6838D2506b0Fa33bc1a515,0x22092c94a91d019ad15536725598b0a6be0a73c0,iShares Core MSCI Emerging Markets ETF,IEMG,ETF,"IEMGon is the Ondo Tokenized version of the iShares Core MSCI Emerging Markets ETF, giving tokenholders economic exposure similar to holding IEMG and reinvesting any dividends. Ondo tokenized stocks enable non-US retail and institutional users around the world to instantly mint and redeem tokenized U.S. stocks and ETFs, 24 hours a day, five days a week with full access to traditional exchange liquidity. Additional restrictions apply. Learn more at ondo.finance/global-markets."
iShares Core S&P MidCap ETF (Ondo Tokenized),IJHon,0xFd50Fc4E3686a8DA814c5C3D6121d8aB98a537F0,0x167e93a849a0cc479769132552b99aa1cfa0948c,iShares Core S&P MidCap ETF,IJH,ETF,"IJHon is the Ondo Tokenized version of the iShares Core S&P MidCap ETF, giving tokenholders economic exposure similar to holding IJH and reinvesting any dividends. Ondo tokenized stocks enable non-US retail and institutional users around the world to instantly mint and redeem tokenized U.S. stocks and ETFs, 24 hours a day, five days a week with full access to traditional exchange liquidity. Additional restrictions apply. Learn more at ondo.finance/global-markets."
Intel (Ondo Tokenized),INTCon,0xFdA09936DbD717368De0835bA441d9E62069d36f,0xa528caaa2f96090e379d43f90834c75df54d6e74,Intel,INTC,Stock,"INTCon is the Ondo Tokenized version of Intel, giving tokenholders economic exposure similar to holding INTC and reinvesting any dividends. Ondo tokenized stocks enable non-US retail and institutional users around the world to instantly mint and redeem tokenized U.S. stocks and ETFs, 24 hours a day, five days a week with full access to traditional exchange liquidity. Additional restrictions apply. Learn more at ondo.finance/global-markets."
Intuit (Ondo Tokenized),INTUon,0x6cc0afD51CE4Cb6920B775F3D6376Ab82b9A93Bb,0x6e3e077a6c0e3c27fd6d00b97387d9b7bd451bab,Intuit,INTU,Stock,"INTUon is the Ondo Tokenized version of Intuit, giving tokenholders economic exposure similar to holding INTU and reinvesting any dividends. Ondo tokenized stocks enable non-US retail and institutional users around the world to instantly mint and redeem tokenized U.S. stocks and ETFs, 24 hours a day, five days a week with full access to traditional exchange liquidity. Additional restrictions apply. Learn more at ondo.finance/global-markets."
iShares Core S&P Total US Stock Market ETF (Ondo Tokenized),ITOTon,0x0692481C369E2BDc728A69ae31b848343a4567Be,0xcf9caf83053213c44dd7027db3e1e4ac98e55f8f,iShares Core S&P Total US Stock Market ETF,ITOT,ETF,"ITOTon is the Ondo Tokenized version of the iShares Core S&P Total US Stock Market ETF, giving tokenholders economic exposure similar to holding ITOT and reinvesting any dividends. Ondo tokenized stocks enable non-US retail and institutional users around the world to instantly mint and redeem tokenized U.S. stocks and ETFs, 24 hours a day, five days a week with full access to traditional exchange liquidity. Additional restrictions apply. Learn more at ondo.finance/global-markets."
iShares Core S&P 500 ETF (Ondo Tokenized),IVVon,0x62cA254a363dc3c748e7E955c20447aB5bF06fF7,0x1104eb7e85e25eb45f88e638b0c27a06c1a91cb2,iShares Core S&P 500 ETF,IVV,ETF,"IVVon is the Ondo Tokenized version of the iShares Core S&P 500 ETF, giving tokenholders economic exposure similar to holding IVV and reinvesting any dividends. Ondo tokenized stocks enable non-US retail and institutional users around the world to instantly mint and redeem tokenized U.S. stocks and ETFs, 24 hours a day, five days a week with full access to traditional exchange liquidity. Additional restrictions apply. Learn more at ondo.finance/global-markets."
iShares Russell 1000 Growth ETF (Ondo Tokenized),IWFon,0x8d05432C2786e3F93f1a9A62b9572DBf54f3ea06,0x40755f06ab7f8de1ab3a9413b1ef562d63de19b1,iShares Russell 1000 Growth ETF,IWF,ETF,"IWFon is the Ondo Tokenized version of the iShares Russell 1000 Growth ETF, giving tokenholders economic exposure similar to holding IWF and reinvesting any dividends. Ondo tokenized stocks enable non-US retail and institutional users around the world to instantly mint and redeem tokenized U.S. stocks and ETFs, 24 hours a day, five days a week with full access to traditional exchange liquidity. Additional restrictions apply. Learn more at ondo.finance/global-markets."
iShares Russell 2000 ETF (Ondo Tokenized),IWMon,0x070D79021dD7e841123cB0CF554993bF683c511D,0x500eafc69b68acd6f27064f9b75f1c7d91cc4d9f,iShares Russell 2000 ETF,IWM,ETF,"IWMon is the Ondo Tokenized version of the iShares Russell 2000 ETF, giving tokenholders economic exposure similar to holding IWM and reinvesting any dividends. Ondo tokenized stocks enable non-US retail and institutional users around the world to instantly mint and redeem tokenized U.S. stocks and ETFs, 24 hours a day, five days a week with full access to traditional exchange liquidity. Additional restrictions apply. Learn more at ondo.finance/global-markets."
iShares Russell 2000 Value ETF (Ondo Tokenized),IWNon,0x9DCf7f739B8C0270E2FC0Cc8D0DaBe355a150dBa,0xf54b94ea21e1da5d51ef00fd4502225e5394f874,iShares Russell 2000 Value ETF,IWN,ETF,"IWNon is the Ondo Tokenized version of the iShares Russell 2000 Value ETF, giving tokenholders economic exposure similar to holding IWN and reinvesting any dividends. Ondo tokenized stocks enable non-US retail and institutional users around the world to instantly mint and redeem tokenized U.S. stocks and ETFs, 24 hours a day, five days a week with full access to traditional exchange liquidity. Additional restrictions apply. Learn more at ondo.finance/global-markets."
JD.com (Ondo Tokenized),JDon,0xdeB6B89088cA9B7d7756087c8a0F7C6DF46f319C,0xe92be960ae64f6a914ca77014cac9e56de7f36c1,JD.com,JD,Stock,"JDon is the Ondo Tokenized version of JD.com, giving tokenholders economic exposure similar to holding JD and reinvesting any dividends. Ondo tokenized stocks enable non-US retail and institutional users around the world to instantly mint and redeem tokenized U.S. stocks and ETFs, 24 hours a day, five days a week with full access to traditional exchange liquidity. Additional restrictions apply. Learn more at ondo.finance/global-markets."
JPMorgan Chase (Ondo Tokenized),JPMon,0x03C1EC4CA9DBb168E6Db0DeF827c085999CBffaF,0x317bf42b43a394860718266dec445dcc9fd9da49,JPMorgan Chase,JPM,Stock,"JPMon is the Ondo Tokenized version of JPMorgan Chase, giving tokenholders economic exposure similar to holding JPM and reinvesting any dividends. Ondo tokenized stocks enable non-US retail and institutional users around the world to instantly mint and redeem tokenized U.S. stocks and ETFs, 24 hours a day, five days a week with full access to traditional exchange liquidity. Additional restrictions apply. Learn more at ondo.finance/global-markets."
Coca-Cola (Ondo Tokenized),KOon,0x74a03d741226f738098C35da8188E57acA50d146,0x405f38b90bebf1259062cf29da299f3398662bcb,Coca-Cola,KO,Stock,"KOon is the Ondo Tokenized version of Coca-Cola, giving tokenholders economic exposure similar to holding KO and reinvesting any dividends. Ondo tokenized stocks enable non-US retail and institutional users around the world to instantly mint and redeem tokenized U.S. stocks and ETFs, 24 hours a day, five days a week with full access to traditional exchange liquidity. Additional restrictions apply. Learn more at ondo.finance/global-markets."
Linde plc (Ondo Tokenized),LINon,0x01B19c68f8A9eE3a480dA788ba401cFAbdf19B93,0xe1743616f705954620aa351465c8885fbde5a8a9,Linde plc,LIN,Stock,"LINon is the Ondo Tokenized version of Linde plc, giving tokenholders economic exposure similar to holding LIN and reinvesting any dividends. Ondo tokenized stocks enable non-US retail and institutional users around the world to instantly mint and redeem tokenized U.S. stocks and ETFs, 24 hours a day, five days a week with full access to traditional exchange liquidity. Additional restrictions apply. Learn more at ondo.finance/global-markets."
Eli Lilly (Ondo Tokenized),LLYon,0xf192957AE52dB3eb088654403CC2eDeD014ae556,0x341d31b2be1fee9c00e395a62ba41837f4322eed,Eli Lilly,LLY,Stock,"LLYon is the Ondo Tokenized version of Eli Lilly, giving tokenholders economic exposure similar to holding LLY and reinvesting any dividends. Ondo tokenized stocks enable non-US retail and institutional users around the world to instantly mint and redeem tokenized U.S. stocks and ETFs, 24 hours a day, five days a week with full access to traditional exchange liquidity. Additional restrictions apply. Learn more at ondo.finance/global-markets."
Lockheed (Ondo Tokenized),LMTon,0x691b126cF619707Ed5d16CaB1B27C000aa8De300,0xd09f7b75b9659b864c6f82bb00ff096f9d277998,Lockheed,LMT,Stock,"LMTon is the Ondo Tokenized version of Lockheed, giving tokenholders economic exposure similar to holding LMT and reinvesting any dividends. Ondo tokenized stocks enable non-US retail and institutional users around the world to instantly mint and redeem tokenized U.S. stocks and ETFs, 24 hours a day, five days a week with full access to traditional exchange liquidity. Additional restrictions apply. Learn more at ondo.finance/global-markets."
Mastercard (Ondo Tokenized),MAon,0xA29dC2102dfc2a0A4A5dCb84Af984315567c9858,0x25ffda07f585c39848db6573e533d7585679c52d,Mastercard,MA,Stock,"MAon is the Ondo Tokenized version of Mastercard, giving tokenholders economic exposure similar to holding MA and reinvesting any dividends. Ondo tokenized stocks enable non-US retail and institutional users around the world to instantly mint and redeem tokenized U.S. stocks and ETFs, 24 hours a day, five days a week with full access to traditional exchange liquidity. Additional restrictions apply. Learn more at ondo.finance/global-markets."
MARA Holdings (Ondo Tokenized),MARAon,0x4604b0b581269843ac7a6b70A5FC019E7762e511,0xd226d8170ee38793430c7dec6903df4b818bb74c,MARA Holdings,MARA,Stock,"MARAon is the Ondo Tokenized version of MARA Holdings, giving tokenholders economic exposure similar to holding MARA and reinvesting any dividends. Ondo tokenized stocks enable non-US retail and institutional users around the world to instantly mint and redeem tokenized U.S. stocks and ETFs, 24 hours a day, five days a week with full access to traditional exchange liquidity. Additional restrictions apply. Learn more at ondo.finance/global-markets."
McDonald's (Ondo Tokenized),MCDon,0x4C82c8cD9a218612DCe60b156B73A36705645e3b,0x995add4ba29a628a57930a8a185c62ca044ec090,McDonald's,MCD,Stock,"MCDon is the Ondo Tokenized version of McDonald's, giving tokenholders economic exposure similar to holding MCD and reinvesting any dividends. Ondo tokenized stocks enable non-US retail and institutional users around the world to instantly mint and redeem tokenized U.S. stocks and ETFs, 24 hours a day, five days a week with full access to traditional exchange liquidity. Additional restrictions apply. Learn more at ondo.finance/global-markets."
MercadoLibre (Ondo Tokenized),MELIon,0x2816169A49953C548BfEb3948dCF05c4A0E4657D,0x60a8f8e05200ff73afde9e2cae819bf1605f0bdd,MercadoLibre,MELI,Stock,"MELIon is the Ondo Tokenized version of MercadoLibre, giving tokenholders economic exposure similar to holding MELI and reinvesting any dividends. Ondo tokenized stocks enable non-US retail and institutional users around the world to instantly mint and redeem tokenized U.S. stocks and ETFs, 24 hours a day, five days a week with full access to traditional exchange liquidity. Additional restrictions apply. Learn more at ondo.finance/global-markets."
Meta Platforms (Ondo Tokenized),METAon,0x59644165402b611b350645555B50Afb581C71EB2,0xd7df5863a3e742f0c767768cdfcb63f09e0422f6,Meta Platforms,META,Stock,"METAon is the Ondo Tokenized version of Meta Platforms, giving tokenholders economic exposure similar to holding META and reinvesting any dividends. Ondo tokenized stocks enable non-US retail and institutional users around the world to instantly mint and redeem tokenized U.S. stocks and ETFs, 24 hours a day, five days a week with full access to traditional exchange liquidity. Additional restrictions apply. Learn more at ondo.finance/global-markets."
Marvell Technology (Ondo Tokenized),MRVLon,0xF404E5f887dBd5508e16a1198fCDD5DE1A4296B8,0x1501ec83ffef405b4331cc4f73277a40fb0c627d,Marvell Technology,MRVL,Stock,"MRVLon is the Ondo Tokenized version of Marvell Technology, giving tokenholders economic exposure similar to holding MRVL and reinvesting any dividends. Ondo tokenized stocks enable non-US retail and institutional users around the world to instantly mint and redeem tokenized U.S. stocks and ETFs, 24 hours a day, five days a week with full access to traditional exchange liquidity. Additional restrictions apply. Learn more at ondo.finance/global-markets."
Microsoft (Ondo Tokenized),MSFTon,0xB812837b81a3a6b81d7CD74CfB19A7f2784555E5,0x6bfe75d1ad432050ea973c3a3dcd88f02e2444c3,Microsoft,MSFT,Stock,"MSFTon is the Ondo Tokenized version of Microsoft, giving tokenholders economic exposure similar to holding MSFT and reinvesting any dividends. Ondo tokenized stocks enable non-US retail and institutional users around the world to instantly mint and redeem tokenized U.S. stocks and ETFs, 24 hours a day, five days a week with full access to traditional exchange liquidity. Additional restrictions apply. Learn more at ondo.finance/global-markets."
MicroStrategy (Ondo Tokenized),MSTRon,0xCabD955322dfbf94C084929ac5E9Eca3fEB5556F,0x7313ea16493b2f55054df0131a3a14b043ec8992,MicroStrategy,MSTR,Stock,"MSTRon is the Ondo Tokenized version of MicroStrategy, giving tokenholders economic exposure similar to holding MSTR and reinvesting any dividends. Ondo tokenized stocks enable non-US retail and institutional users around the world to instantly mint and redeem tokenized U.S. stocks and ETFs, 24 hours a day, five days a week with full access to traditional exchange liquidity. Additional restrictions apply. Learn more at ondo.finance/global-markets."
Micron Technology (Ondo Tokenized),MUon,0x050362Ab1072Cb2Ce74d74770E22A3203Ad04ee5,0x8b6acf6041a81567f012ff6a4c6d96d5818d74bf,Micron Technology,MU,Stock,"MUon is the Ondo Tokenized version of Micron Technology, giving tokenholders economic exposure similar to holding MU and reinvesting any dividends. Ondo tokenized stocks enable non-US retail and institutional users around the world to instantly mint and redeem tokenized U.S. stocks and ETFs, 24 hours a day, five days a week with full access to traditional exchange liquidity. Additional restrictions apply. Learn more at ondo.finance/global-markets."
Netflix (Ondo Tokenized),NFLXon,0x032deC3372F25C41EA8054B4987a7c4832CDB338,0x7048f5227b032326cc8dbc53cf3fddd947a2c757,Netflix,NFLX,Stock,"NFLXon is the Ondo Tokenized version of Netflix, giving tokenholders economic exposure similar to holding NFLX and reinvesting any dividends. Ondo tokenized stocks enable non-US retail and institutional users around the world to instantly mint and redeem tokenized U.S. stocks and ETFs, 24 hours a day, five days a week with full access to traditional exchange liquidity. Additional restrictions apply. Learn more at ondo.finance/global-markets."
Nike (Ondo Tokenized),NKEon,0xD8e26FcC879b30cB0a0B543925a2B3500f074D81,0x04b5e199f2ec84f78b111035f57b16bee448db6f,Nike,NKE,Stock,"NKEon is the Ondo Tokenized version of Nike, giving tokenholders economic exposure similar to holding NKE and reinvesting any dividends. Ondo tokenized stocks enable non-US retail and institutional users around the world to instantly mint and redeem tokenized U.S. stocks and ETFs, 24 hours a day, five days a week with full access to traditional exchange liquidity. Additional restrictions apply. Learn more at ondo.finance/global-markets."
ServiceNow (Ondo Tokenized),NOWon,0x8bCF9012f4b0c1C3D359eDb7133C294f82f80790,0xeb19c13c54b1cd48afc62f6503375e92d5f1e856,ServiceNow,NOW,Stock,"NOWon is the Ondo Tokenized version of ServiceNow, giving tokenholders economic exposure similar to holding NOW and reinvesting any dividends. Ondo tokenized stocks enable non-US retail and institutional users around the world to instantly mint and redeem tokenized U.S. stocks and ETFs, 24 hours a day, five days a week with full access to traditional exchange liquidity. Additional restrictions apply. Learn more at ondo.finance/global-markets."
NVIDIA (Ondo Tokenized),NVDAon,0x2D1F7226Bd1F780AF6B9A49DCC0aE00E8Df4bDEE,0xa9ee28c80f960b889dfbd1902055218cba016f75,NVIDIA,NVDA,Stock,"NVDAon is the Ondo Tokenized version of NVIDIA, giving tokenholders economic exposure similar to holding NVDA and reinvesting any dividends. Ondo tokenized stocks enable non-US retail and institutional users around the world to instantly mint and redeem tokenized U.S. stocks and ETFs, 24 hours a day, five days a week with full access to traditional exchange liquidity. Additional restrictions apply. Learn more at ondo.finance/global-markets."
Novo Nordisk (Ondo Tokenized),NVOon,0x28151F5888833D3d767C4d6945a0Ee50D1B193E3,0x08a513779f46ffb7a34f16094a94016d010128a8,Novo Nordisk,NVO,Stock,"NVOon is the Ondo Tokenized version of Novo Nordisk, giving tokenholders economic exposure similar to holding NVO and reinvesting any dividends. Ondo tokenized stocks enable non-US retail and institutional users around the world to instantly mint and redeem tokenized U.S. stocks and ETFs, 24 hours a day, five days a week with full access to traditional exchange liquidity. Additional restrictions apply. Learn more at ondo.finance/global-markets."
Oracle (Ondo Tokenized),ORCLon,0x8a23C6BaadB88512b30475C83Df6A63881e33e1E,0x03e4bd1ea53f1da84513da0319d1f03dd1bbcf93,Oracle,ORCL,Stock,"ORCLon is the Ondo Tokenized version of Oracle, giving tokenholders economic exposure similar to holding ORCL and reinvesting any dividends. Ondo tokenized stocks enable non-US retail and institutional users around the world to instantly mint and redeem tokenized U.S. stocks and ETFs, 24 hours a day, five days a week with full access to traditional exchange liquidity. Additional restrictions apply. Learn more at ondo.finance/global-markets."
Palo Alto Networks (Ondo Tokenized),PANWon,0x34bfdFF25F0fdA6d3ad0c33F1e06c0D40bD68885,0x0eaa1a75bd682a5669ab2371a559fbd039c6b9eb,Palo Alto Networks,PANW,Stock,"PANWon is the Ondo Tokenized version of Palo Alto Networks, giving tokenholders economic exposure similar to holding PANW and reinvesting any dividends. Ondo tokenized stocks enable non-US retail and institutional users around the world to instantly mint and redeem tokenized U.S. stocks and ETFs, 24 hours a day, five days a week with full access to traditional exchange liquidity. Additional restrictions apply. Learn more at ondo.finance/global-markets."
Petrobras (Ondo Tokenized),PBRon,0xD08DDb436e731f32455Fe302723eE0FD2E9E8706,0x2b1d5cdecc356530a746c5754231efaeaca64022,Petrobras,PBR,Stock,"PBRon is the Ondo Tokenized version of Petrobras, giving tokenholders economic exposure similar to holding PBR and reinvesting any dividends. Ondo tokenized stocks enable non-US retail and institutional users around the world to instantly mint and redeem tokenized U.S. stocks and ETFs, 24 hours a day, five days a week with full access to traditional exchange liquidity. Additional restrictions apply. Learn more at ondo.finance/global-markets."
PepsiCo (Ondo Tokenized),PEPon,0x3cE219D498D807317F840f4CB0f03FA27dd65046,0xf99f8f3a95257d82006183bd524efa7aacc9ef7a,PepsiCo,PEP,Stock,"PEPon is the Ondo Tokenized version of PepsiCo, giving tokenholders economic exposure similar to holding PEP and reinvesting any dividends. Ondo tokenized stocks enable non-US retail and institutional users around the world to instantly mint and redeem tokenized U.S. stocks and ETFs, 24 hours a day, five days a week with full access to traditional exchange liquidity. Additional restrictions apply. Learn more at ondo.finance/global-markets."
Pfizer (Ondo Tokenized),PFEon,0x06954faa913fA14c28Eb1b2e459594F22f33f3dE,0x8a83c31d6751833b4940b6e871c48d9a15a07b46,Pfizer,PFE,Stock,"PFEon is the Ondo Tokenized version of Pfizer, giving tokenholders economic exposure similar to holding PFE and reinvesting any dividends. Ondo tokenized stocks enable non-US retail and institutional users around the world to instantly mint and redeem tokenized U.S. stocks and ETFs, 24 hours a day, five days a week with full access to traditional exchange liquidity. Additional restrictions apply. Learn more at ondo.finance/global-markets."
Procter & Gamble (Ondo Tokenized),PGon,0x339ce23a355ed6D513DD3e1462975C4eCD86823a,0x400f1e257f86d25578a0928c94dc95115f09d5c9,Procter & Gamble,PG,Stock,"PGon is the Ondo Tokenized version of Procter & Gamble, giving tokenholders economic exposure similar to holding PG and reinvesting any dividends. Ondo tokenized stocks enable non-US retail and institutional users around the world to instantly mint and redeem tokenized U.S. stocks and ETFs, 24 hours a day, five days a week with full access to traditional exchange liquidity. Additional restrictions apply. Learn more at ondo.finance/global-markets."
Palantir Technologies (Ondo Tokenized),PLTRon,0x0c666485b02F7A87d21AdD7AEb9F5e64975AA490,0x9351abd19f42101dd36025e495b98e910b255d78,Palantir Technologies,PLTR,Stock,"PLTRon is the Ondo Tokenized version of Palantir Technologies, giving tokenholders economic exposure similar to holding PLTR and reinvesting any dividends. Ondo tokenized stocks enable non-US retail and institutional users around the world to instantly mint and redeem tokenized U.S. stocks and ETFs, 24 hours a day, five days a week with full access to traditional exchange liquidity. Additional restrictions apply. Learn more at ondo.finance/global-markets."
PayPal (Ondo Tokenized),PYPLon,0x4EFD92F372898B57F292De69fCe377dd7D912bDd,0x374d03a6c0d5bd4be0a5117ebe1b49d52ac8a53f,PayPal,PYPL,Stock,"PYPLon is the Ondo Tokenized version of PayPal, giving tokenholders economic exposure similar to holding PYPL and reinvesting any dividends. Ondo tokenized stocks enable non-US retail and institutional users around the world to instantly mint and redeem tokenized U.S. stocks and ETFs, 24 hours a day, five days a week with full access to traditional exchange liquidity. Additional restrictions apply. Learn more at ondo.finance/global-markets."
D-Wave Quantum (Ondo Tokenized),QBTSon,0x3807562a482b824c08a564dfefcc471806d3e00a,0x8c7bf0ed6bc778bde1489de1592c1aad3e66371d,D-Wave Quantum,QBTS,Stock,"QBTSon is the Ondo Tokenized version of D-Wave Quantum, giving tokenholders economic exposure similar to holding QBTS and reinvesting any dividends. Ondo tokenized stocks enable non-US retail and institutional users around the world to instantly mint and redeem tokenized U.S. stocks and ETFs, 24 hours a day, five days a week with full access to traditional exchange liquidity. Additional restrictions apply. Learn more at ondo.finance/global-markets."
Qualcomm (Ondo Tokenized),QCOMon,0xE3419710c1f77D44B4DaB02316d3f048818C4E59,0xfbd4d681c92ead6af0e49950c8b2e47eeacbb2db,Qualcomm,QCOM,Stock,"QCOMon is the Ondo Tokenized version of Qualcomm, giving tokenholders economic exposure similar to holding QCOM and reinvesting any dividends. Ondo tokenized stocks enable non-US retail and institutional users around the world to instantly mint and redeem tokenized U.S. stocks and ETFs, 24 hours a day, five days a week with full access to traditional exchange liquidity. Additional restrictions apply. Learn more at ondo.finance/global-markets."
Invesco QQQ (Ondo Tokenized),QQQon,0x0e397938C1Aa0680954093495B70A9F5e2249aBa,0x0cde6936d305d5b34667fc46425e852efd73559a,Invesco QQQ,QQQ,ETF,"QQQon is the Ondo Tokenized version of the Invesco QQQ, giving tokenholders economic exposure similar to holding QQQ and reinvesting any dividends. Ondo tokenized stocks enable non-US retail and institutional users around the world to instantly mint and redeem tokenized U.S. stocks and ETFs, 24 hours a day, five days a week with full access to traditional exchange liquidity. Additional restrictions apply. Learn more at ondo.finance/global-markets."
Reddit (Ondo Tokenized),RDDTon,0xA9431d354cFAD3c6B76E50f0e73b43D48Be80CD0,0x4da12f47578ef89c76179b760c778e70b668f80b,Reddit,RDDT,Stock,"RDDTon is the Ondo Tokenized version of Reddit, giving tokenholders economic exposure similar to holding RDDT and reinvesting any dividends. Ondo tokenized stocks enable non-US retail and institutional users around the world to instantly mint and redeem tokenized U.S. stocks and ETFs, 24 hours a day, five days a week with full access to traditional exchange liquidity. Additional restrictions apply. Learn more at ondo.finance/global-markets."
Riot Platforms (Ondo Tokenized),RIOTon,0x21deafD91116FCe9fE87C8f15Bde03f99a309b72,0xc4a88a72b848255fd24da3c1ad6755d980535fb1,Riot Platforms,RIOT,Stock,"RIOTon is the Ondo Tokenized version of Riot Platforms, giving tokenholders economic exposure similar to holding RIOT and reinvesting any dividends. Ondo tokenized stocks enable non-US retail and institutional users around the world to instantly mint and redeem tokenized U.S. stocks and ETFs, 24 hours a day, five days a week with full access to traditional exchange liquidity. Additional restrictions apply. Learn more at ondo.finance/global-markets."
SharpLink Gaming (Ondo Tokenized),SBETon,0xfDb46864A7C476F0914c5E82CdED3364a9F56F8a,0x99e01f02d66455bb106d91d469c9eaf6ab4904f6,"SharpLink Gaming, Inc",SBET,Stock,"SBETon is the Ondo Tokenized version of SharpLink Gaming, Inc, giving tokenholders economic exposure similar to holding SBET and reinvesting any dividends. Ondo tokenized stocks enable non-US retail and institutional users around the world to instantly mint and redeem tokenized U.S. stocks and ETFs, 24 hours a day, five days a week with full access to traditional exchange liquidity. Additional restrictions apply. Learn more at ondo.finance/global-markets."
Starbucks (Ondo Tokenized),SBUXon,0xf15FbC1349ab99ABAd63db3f9A510BF413bE3BeF,0x94d7754541b829a87321d56121bc544167ac490d,Starbucks,SBUX,Stock,"SBUXon is the Ondo Tokenized version of Starbucks, giving tokenholders economic exposure similar to holding SBUX and reinvesting any dividends. Ondo tokenized stocks enable non-US retail and institutional users around the world to instantly mint and redeem tokenized U.S. stocks and ETFs, 24 hours a day, five days a week with full access to traditional exchange liquidity. Additional restrictions apply. Learn more at ondo.finance/global-markets."
Shopify (Ondo Tokenized),SHOPon,0x908266C1192628371Cff7AD2F5Eba4dE061a0ac5,0x43d0b380c33cd004a6a69abd61843881a2de4113,Shopify,SHOP,Stock,"SHOPon is the Ondo Tokenized version of Shopify, giving tokenholders economic exposure similar to holding SHOP and reinvesting any dividends. Ondo tokenized stocks enable non-US retail and institutional users around the world to instantly mint and redeem tokenized U.S. stocks and ETFs, 24 hours a day, five days a week with full access to traditional exchange liquidity. Additional restrictions apply. Learn more at ondo.finance/global-markets."
iShares Silver Trust (Ondo Tokenized),SLVon,0xF3e4872e6a4cF365888D93b6146a2bAA7348F1A4,0x8b872732b07be325a8803cdb480d9d20b6f8d11b,iShares Silver Trust,SLV,ETF,"SLVon is the Ondo Tokenized version of the iShares Silver Trust, giving tokenholders economic exposure similar to holding SLV and reinvesting any dividends. Ondo tokenized stocks enable non-US retail and institutional users around the world to instantly mint and redeem tokenized U.S. stocks and ETFs, 24 hours a day, five days a week with full access to traditional exchange liquidity. Additional restrictions apply. Learn more at ondo.finance/global-markets."
Super Micro Computer (Ondo Tokenized),SMCIon,0x2ca12a3F9635fD69C21580def14F25C210cA9612,0xc142ba8ccd36d80c3a001342fb83e4c3d218a873,Super Micro Computer,SMCI,Stock,"SMCIon is the Ondo Tokenized version of Super Micro Computer, giving tokenholders economic exposure similar to holding SMCI and reinvesting any dividends. Ondo tokenized stocks enable non-US retail and institutional users around the world to instantly mint and redeem tokenized U.S. stocks and ETFs, 24 hours a day, five days a week with full access to traditional exchange liquidity. Additional restrictions apply. Learn more at ondo.finance/global-markets."
Snowflake (Ondo Tokenized),SNOWon,0x5D1a9a9B118fF19721e0111f094f2360b6Ef7A2f,0x138ed6833ff4e8811e1fea0d005e13726c8886f9,Snowflake,SNOW,Stock,"SNOWon is the Ondo Tokenized version of Snowflake, giving tokenholders economic exposure similar to holding SNOW and reinvesting any dividends. Ondo tokenized stocks enable non-US retail and institutional users around the world to instantly mint and redeem tokenized U.S. stocks and ETFs, 24 hours a day, five days a week with full access to traditional exchange liquidity. Additional restrictions apply. Learn more at ondo.finance/global-markets."
S&P Global (Ondo Tokenized),SPGIon,0xbc843b147DB4C7E00721d76037b8b92e13AfE13f,0x55b370b704240a914f42b5bbb3195431c031f9f8,S&P Global,SPGI,Stock,"SPGIon is the Ondo Tokenized version of S&P Global, giving tokenholders economic exposure similar to holding SPGI and reinvesting any dividends. Ondo tokenized stocks enable non-US retail and institutional users around the world to instantly mint and redeem tokenized U.S. stocks and ETFs, 24 hours a day, five days a week with full access to traditional exchange liquidity. Additional restrictions apply. Learn more at ondo.finance/global-markets."
Spotify (Ondo Tokenized),SPOTon,0x590F21186489cA1612f49a4B1ff5c66acD6796A9,0x50356167a4dbc38bea6779c045e24e25facedfdc,Spotify,SPOT,Stock,"SPOTon is the Ondo Tokenized version of Spotify, giving tokenholders economic exposure similar to holding SPOT and reinvesting any dividends. Ondo tokenized stocks enable non-US retail and institutional users around the world to instantly mint and redeem tokenized U.S. stocks and ETFs, 24 hours a day, five days a week with full access to traditional exchange liquidity. Additional restrictions apply. Learn more at ondo.finance/global-markets."
SPDR S&P 500 ETF (Ondo Tokenized),SPYon,0xFeDC5f4a6c38211c1338aa411018DFAf26612c08,0x6a708ead771238919d85930b5a0f10454e1c331a,SPDR S&P 500 ETF,SPY,ETF,"SPYon is the Ondo Tokenized version of the SPDR S&P 500 ETF, giving tokenholders economic exposure similar to holding SPY and reinvesting any dividends. Ondo tokenized stocks enable non-US retail and institutional users around the world to instantly mint and redeem tokenized U.S. stocks and ETFs, 24 hours a day, five days a week with full access to traditional exchange liquidity. Additional restrictions apply. Learn more at ondo.finance/global-markets."
iShares TIPS Bond ETF (Ondo Tokenized),TIPon,0x2Df38cA485D01fC15e4FD85847ed26b7EF871c1c,0x2ac26ec236df5d1d2ad1a6dd4e448a90e45dc35d,iShares TIPS Bond ETF,TIP,ETF,"TIPon is the Ondo Tokenized version of the iShares TIPS Bond ETF, giving tokenholders economic exposure similar to holding TIP and reinvesting any dividends. Ondo tokenized stocks enable non-US retail and institutional users around the world to instantly mint and redeem tokenized U.S. stocks and ETFs, 24 hours a day, five days a week with full access to traditional exchange liquidity. Additional restrictions apply. Learn more at ondo.finance/global-markets."
iShares 20+ Year Treasury Bond ETF (Ondo Tokenized),TLTon,0x992651BFeB9A0DCC4457610E284ba66D86489d4d,0xf69e40069ac227c11459e3f4e8a446b3401616b6,iShares 20+ Year Treasury Bond ETF,TLT,ETF,"TLTon is the Ondo Tokenized version of the iShares 20+ Year Treasury Bond ETF, giving tokenholders economic exposure similar to holding TLT and reinvesting any dividends. Ondo tokenized stocks enable non-US retail and institutional users around the world to instantly mint and redeem tokenized U.S. stocks and ETFs, 24 hours a day, five days a week with full access to traditional exchange liquidity. Additional restrictions apply. Learn more at ondo.finance/global-markets."
Toyota (Ondo Tokenized),TMon,0xaB02fc332e9278eBCbbC6B4a8038050c01D15F69,0xecc1299f183b6a720a6f4729bf24f82cd8d50828,Toyota,TM,Stock,"TMon is the Ondo Tokenized version of Toyota, giving tokenholders economic exposure similar to holding TM and reinvesting any dividends. Ondo tokenized stocks enable non-US retail and institutional users around the world to instantly mint and redeem tokenized U.S. stocks and ETFs, 24 hours a day, five days a week with full access to traditional exchange liquidity. Additional restrictions apply. Learn more at ondo.finance/global-markets."
Tesla (Ondo Tokenized),TSLAon,0xf6b1117ec07684D3958caD8BEb1b302bfD21103f,0x2494b603319d4d9f9715c9f4496d9e0364b59d93,Tesla,TSLA,Stock,"TSLAon is the Ondo Tokenized version of Tesla, giving tokenholders economic exposure similar to holding TSLA and reinvesting any dividends. Ondo tokenized stocks enable non-US retail and institutional users around the world to instantly mint and redeem tokenized U.S. stocks and ETFs, 24 hours a day, five days a week with full access to traditional exchange liquidity. Additional restrictions apply. Learn more at ondo.finance/global-markets."
Taiwan Semiconductor Manufacturing (Ondo Tokenized),TSMon,0x3Cafdbfe682aec17d5acE2f97A2f3ab3dCf6a4A9,0xc37042a7a4fa510d8884a433762ab87257b91965,Taiwan Semiconductor Manufacturing,TSM,Stock,"TSMon is the Ondo Tokenized version of Taiwan Semiconductor Manufacturing, giving tokenholders economic exposure similar to holding TSM and reinvesting any dividends. Ondo tokenized stocks enable non-US retail and institutional users around the world to instantly mint and redeem tokenized U.S. stocks and ETFs, 24 hours a day, five days a week with full access to traditional exchange liquidity. Additional restrictions apply. Learn more at ondo.finance/global-markets."
Uber (Ondo Tokenized),UBERon,0x5Bcd8195E3Ef58f677aeF9eBC276B5087c027050,0xde9d6036fca870f7efc5a82722ae694c371ac909,Uber,UBER,Stock,"UBERon is the Ondo Tokenized version of Uber, giving tokenholders economic exposure similar to holding UBER and reinvesting any dividends. Ondo tokenized stocks enable non-US retail and institutional users around the world to instantly mint and redeem tokenized U.S. stocks and ETFs, 24 hours a day, five days a week with full access to traditional exchange liquidity. Additional restrictions apply. Learn more at ondo.finance/global-markets."
UnitedHealth (Ondo Tokenized),UNHon,0x075756F3b6381a79633438fAA8964946bf40163d,0x3385cb29cca0ac66f5d2354d13ef977b49a2510f,UnitedHealth,UNH,Stock,"UNHon is the Ondo Tokenized version of UnitedHealth, giving tokenholders economic exposure similar to holding UNH and reinvesting any dividends. Ondo tokenized stocks enable non-US retail and institutional users around the world to instantly mint and redeem tokenized U.S. stocks and ETFs, 24 hours a day, five days a week with full access to traditional exchange liquidity. Additional restrictions apply. Learn more at ondo.finance/global-markets."
Visa (Ondo Tokenized),Von,0xaC37c20C1d0E5285035e056101a64e263Ff94a41,0x1cde419fae0ef7f7931ae3e29e5f411c8c5e5fa1,Visa,V,Stock,"Von is the Ondo Tokenized version of Visa, giving tokenholders economic exposure similar to holding V and reinvesting any dividends. Ondo tokenized stocks enable non-US retail and institutional users around the world to instantly mint and redeem tokenized U.S. stocks and ETFs, 24 hours a day, five days a week with full access to traditional exchange liquidity. Additional restrictions apply. Learn more at ondo.finance/global-markets."
Wells Fargo (Ondo Tokenized),WFCon,0x4AD2118Da8a65eaa81402A3d583FEF6eE76BDf3F,0x629520dee1620def11596f84e85de9f1ff653012,Wells Fargo,WFC,Stock,"WFCon is the Ondo Tokenized version of Wells Fargo, giving tokenholders economic exposure similar to holding WFC and reinvesting any dividends. Ondo tokenized stocks enable non-US retail and institutional users around the world to instantly mint and redeem tokenized U.S. stocks and ETFs, 24 hours a day, five days a week with full access to traditional exchange liquidity. Additional restrictions apply. Learn more at ondo.finance/global-markets."
Walmart (Ondo Tokenized),WMTon,0x82106347dDbB23cE44Cf4cE4053Ef1adf8b9323B,0xa7d1e886acf66ec0656df2decb4b7c893a3bab4c,Walmart,WMT,Stock,"WMTon is the Ondo Tokenized version of Walmart, giving tokenholders economic exposure similar to holding WMT and reinvesting any dividends. Ondo tokenized stocks enable non-US retail and institutional users around the world to instantly mint and redeem tokenized U.S. stocks and ETFs, 24 hours a day, five days a week with full access to traditional exchange liquidity. Additional restrictions apply. Learn more at ondo.finance/global-markets."